M00001,C00111
M00001,C00631
M00001,C00022
M00001,C00118
M00001,C00074
M00001,C05345
M00001,C00668
M00001,C05378
M00001,C00197
M00001,C00236
M00002,C00111
M00002,C00631
M00002,C00022
M00002,C00118
M00002,C00074
M00002,C00197
M00002,C00236
M00003,C00036
M00003,C00111
M00003,C00631
M00003,C00118
M00003,C00074
M00003,C05345
M00003,C00197
M00003,C05378
M00003,C00236
M00004,C00117
M00004,C01236
M00004,C01172
M00004,C00118
M00004,C00199
M00004,C00279
M00004,C00231
M00004,C00085
M00004,C05382
M00004,C05345
M00004,C00345
M00005,C00117
M00005,C01236
M00005,C01172
M00005,C00119
M00005,C00118
M00005,C00199
M00005,C00279
M00005,C00231
M00005,C00085
M00005,C05382
M00005,C05345
M00005,C00345
M00006,C01172
M00006,C00199
M00006,C01236
M00006,C00345
M00007,C00117
M00007,C00279
M00007,C00118
M00007,C00199
M00007,C00231
M00007,C00085
M00007,C05382
M00007,C05345
M00008,C01236
M00008,C00022
M00008,C01172
M00008,C00118
M00008,C04442
M00008,C00345
M00009,C00036
M00009,C00024
M00009,C00122
M00009,C00026
M00009,C00158
M00009,C00042
M00009,C00311
M00009,C00149
M00009,C00091
M00010,C00036
M00010,C00024
M00010,C00311
M00010,C00026
M00010,C00158
M00011,C00036
M00011,C00122
M00011,C00149
M00011,C00042
M00011,C00026
M00011,C00091
M00012,C00036
M00012,C00024
M00012,C00149
M00012,C00158
M00012,C00417
M00012,C00311
M00012,C00048
M00013,C00048
M00013,C00160
M00014,C00037
M00014,C00048
M00015,C00024
M00015,C00083
M00015,C00222
M00015,C00100
M00015,C05668
M00015,C05989
M00015,C01013
M00015,C00894
M00016,C00310
M00016,C00379
M00016,C00029
M00016,C00312
M00016,C00618
M00016,C00167
M00016,C00800
M00016,C00231
M00016,C05385
M00016,C00191
M00017,C00025
M00017,C00026
M00018,C00025
M00018,C00064
M00019,C00025
M00019,C00026
M00020,C00025
M00020,C01165
M00020,C03287
M00020,C00148
M00020,C03912
M00021,C00025
M00021,C00026
M00022,C00049
M00022,C00152
M00023,C03082
M00023,C00441
M00023,C04421
M00023,C00680
M00023,C04462
M00023,C00047
M00023,C00666
M00023,C03972
M00023,C03340
M00023,C00049
M00024,C02291
M00024,C03082
M00024,C00441
M00024,C00263
M00024,C00073
M00024,C00155
M00024,C00049
M00024,C01118
M00025,C03082
M00025,C00441
M00025,C00263
M00025,C01102
M00025,C00188
M00025,C00049
M00026,C00041
M00026,C00022
M00027,C04181
M00027,C00022
M00027,C05125
M00027,C00141
M00027,C00183
M00027,C06010
M00027,C04272
M00028,C00233
M00028,C04236
M00028,C04181
M00028,C00022
M00028,C04411
M00028,C05125
M00028,C00141
M00028,C02504
M00028,C00123
M00028,C06010
M00028,C02631
M00028,C04272
M00029,C05125
M00029,C00407
M00029,C00109
M00029,C00671
M00029,C00188
M00029,C14463
M00029,C06007
M00029,C06006
M00030,C00197
M00030,C03232
M00030,C00065
M00030,C01005
M00031,C00037
M00031,C00065
M00032,C00979
M00032,C00065
M00032,C00097
M00033,C00251
M00033,C00279
M00033,C03175
M00033,C00074
M00033,C00944
M00033,C00493
M00033,C01269
M00033,C02637
M00033,C04691
M00034,C01302
M00034,C00078
M00034,C00251
M00034,C03506
M00034,C00108
M00034,C04302
M00035,C00079
M00035,C00166
M00035,C00251
M00035,C00254
M00036,C01179
M00036,C00251
M00036,C00082
M00036,C00254
M00037,C04916
M00037,C02739
M00037,C01267
M00037,C00119
M00037,C01100
M00037,C04896
M00037,C04666
M00037,C02741
M00037,C00860
M00037,C01929
M00037,C00135
M00038,C00025
M00038,C00064
M00039,C02553
M00039,C05173
M00039,C05172
M00039,C01528
M00040,C00025
M00040,C00042
M00040,C00232
M00040,C00334
M00041,C00025
M00041,C00437
M00041,C00624
M00041,C00077
M00041,C04133
M00041,C01250
M00042,C00086
M00042,C00014
M00042,C00062
M00042,C00077
M00042,C00327
M00042,C03406
M00042,C00169
M00043,C00062
M00043,C00327
M00044,C00049
M00044,C00122
M00045,C00036
M00045,C00049
M00046,C00049
M00046,C00152
M00047,C04076
M00047,C05662
M00047,C00026
M00047,C05560
M00047,C00322
M00047,C05535
M00047,C00449
M00047,C05533
M00047,C04002
M00047,C01251
M00047,C00956
M00047,C00047
M00048,C05662
M00048,C00026
M00048,C12987
M00048,C12986
M00048,C00322
M00048,C12988
M00048,C05533
M00048,C04002
M00048,C12989
M00048,C01251
M00048,C00956
M00048,C00047
M00049,C04076
M00049,C00408
M00049,C06157
M00049,C03239
M00049,C01144
M00049,C00527
M00049,C04092
M00049,C00332
M00049,C00322
M00049,C00047
M00049,C00877
M00049,C00956
M00049,C00450
M00050,C04076
M00050,C00332
M00050,C06157
M00050,C00322
M00050,C01144
M00050,C00527
M00050,C00449
M00050,C00047
M00050,C00877
M00050,C00956
M00051,C06442
M00051,C03082
M00051,C00441
M00051,C06231
M00051,C03283
M00051,C00049
M00052,C00263
M00052,C02291
M00052,C01077
M00053,C00263
M00053,C00155
M00053,C01077
M00054,C00073
M00054,C04188
M00054,C01180
M00054,C03089
M00054,C00170
M00054,C04582
M00054,C15651
M00054,C15606
M00054,C00019
M00054,C15650
M00054,C01137
M00055,C02291
M00055,C00021
M00055,C00073
M00055,C00155
M00055,C00065
M00055,C00019
M00056,C00155
M00056,C00073
M00056,C00021
M00056,C00019
M00057,C00037
M00057,C00188
M00058,C03231
M00058,C00164
M00058,C00123
M00058,C03069
M00058,C00356
M00058,C05119
M00058,C02939
M00058,C00233
M00059,C05118
M00059,C00100
M00059,C00407
M00059,C01033
M00059,C04405
M00059,C03465
M00059,C03345
M00059,C03344
M00060,C00065
M00060,C00168
M00061,C01026
M00061,C00037
M00061,C00213
M00061,C00719
M00062,C00022
M00062,C00606
M00062,C05527
M00062,C00097
M00063,C00022
M00063,C00957
M00063,C00097
M00064,C00022
M00064,C00097
M00065,C00078
M00065,C00398
M00066,C00078
M00066,C00643
M00066,C00780
M00066,C00978
M00066,C05635
M00066,C05634
M00066,C05643
M00067,C00078
M00067,C01717
M00067,C02700
M00067,C00328
M00067,C01252
M00068,C00078
M00068,C03227
M00068,C00632
M00068,C00328
M00068,C03824
M00068,C02700
M00068,C02220
M00068,C04409
M00069,C00423
M00069,C00223
M00069,C15804
M00069,C00811
M00069,C05608
M00069,C02646
M00070,C00590
M00070,C02666
M00070,C15805
M00070,C00406
M00070,C01494
M00071,C00482
M00071,C15806
M00071,C00411
M00071,C02325
M00071,C05610
M00072,C00079
M00072,C00082
M00073,C00826
M00073,C00082
M00073,C00254
M00074,C00082
M00074,C01693
M00074,C04185
M00074,C00355
M00074,C05606
M00074,C05604
M00074,C00822
M00074,C05578
M00074,C05579
M00075,C00788
M00075,C00547
M00075,C00355
M00075,C00082
M00075,C03758
M00076,C05589
M00076,C00788
M00076,C03758
M00076,C05588
M00076,C05581
M00076,C05580
M00076,C05583
M00076,C05582
M00076,C04043
M00076,C05584
M00076,C05587
M00076,C05594
M00076,C01161
M00076,C00547
M00076,C05576
M00076,C05577
M00077,C02515
M00077,C01060
M00077,C00082
M00077,C02465
M00078,C01179
M00078,C00122
M00078,C00628
M00078,C00082
M00078,C00022
M00078,C01036
M00078,C05585
M00078,C00164
M00078,C01061
M00078,C02514
M00078,C02167
M00078,C00544
M00079,C03680
M00079,C00025
M00079,C00135
M00079,C00439
M00079,C00785
M00080,C00135
M00080,C00388
M00081,C00152
M00081,C00736
M00081,C02512
M00082,C05688
M00082,C00041
M00082,C01528
M00083,C00099
M00083,C00049
M00084,C00106
M00084,C00429
M00084,C00380
M00084,C02642
M00084,C00099
M00085,C00099
M00085,C00386
M00085,C01262
M00086,C00519
M00086,C00606
M00086,C00245
M00086,C00097
M00087,C00245
M00087,C00506
M00087,C00097
M00088,C05123
M00088,C00593
M00088,C00245
M00089,C00581
M00089,C00062
M00089,C00300
M00089,C02305
M00089,C00791
M00090,C04823
M00090,C03090
M00090,C04376
M00090,C04640
M00090,C03373
M00090,C00119
M00090,C00064
M00090,C00130
M00090,C04677
M00090,C04734
M00090,C04751
M00090,C03838
M00091,C00020
M00091,C00008
M00091,C00002
M00091,C00131
M00091,C00130
M00091,C00206
M00091,C03794
M00092,C00035
M00092,C00361
M00092,C00286
M00092,C00144
M00092,C00130
M00092,C00655
M00092,C00044
M00093,C00295
M00093,C00438
M00093,C00119
M00093,C00064
M00093,C00337
M00093,C01103
M00093,C00105
M00093,C00169
M00094,C00063
M00094,C00105
M00094,C00015
M00094,C00112
M00094,C00075
M00095,C00364
M00095,C00365
M00095,C00363
M00095,C00112
M00095,C00063
M00095,C00458
M00095,C00459
M00095,C00705
M00095,C00460
M00096,C07130
M00096,C01762
M00096,C00385
M00096,C16357
M00096,C16358
M00096,C16352
M00096,C16353
M00096,C07480
M00096,C07481
M00097,C00446
M00097,C00029
M00097,C00103
M00097,C00052
M00098,C04256
M00098,C00043
M00098,C00085
M00098,C00352
M00098,C06156
M00099,C00275
M00099,C00085
M00099,C00636
M00099,C00096
M00100,C00110
M00101,C00043
M00101,C01170
M00101,C00203
M00102,C00181
M00102,C00167
M00102,C00029
M00102,C00190
M00102,C02352
M00103,C00043
M00103,C04631
M00103,C01050
M00104,C00645
M00104,C06241
M00104,C00128
M00104,C00270
M00104,C00043
M00104,C04257
M00105,C00103
M00105,C02097
M00105,C00687
M00105,C00842
M00105,C00688
M00105,C03319
M00106,C02189
M00107,C02189
M00108,C02189
M00109,C02189
M00110,C02189
M00111,C02189
M00114,C06022
M00114,C04824
M00114,C06025
M00114,C06024
M00114,C04652
M00114,C04932
M00114,C00043
M00114,C04919
M00114,C06251
M00114,C04738
M00114,C06026
M00115,C01019
M00115,C02985
M00115,C01222
M00115,C00096
M00115,C00325
M00116,C00029
M00116,C00089
M00117,C00514
M00117,C00333
M00117,C00905
M00117,C00817
M00117,C00558
M00117,C00204
M00117,C00191
M00118,C00532
M00118,C00508
M00118,C00259
M00118,C00379
M00118,C01101
M00118,C00312
M00118,C00310
M00118,C00199
M00118,C00231
M00118,C00474
M00118,C00309
M00118,C00181
M00119,C01112
M00119,C04478
M00119,C04121
M00119,C01187
M00120,C06398
M00120,C00281
M00120,C11472
M00120,C06397
M00120,C07836
M00120,C07838
M00121,C01194
M00124,C00195
M00124,C01290
M00124,C01190
M00125,C00195
M00125,C06125
M00125,C02686
M00148,C01246
M00148,C03021
M00148,C00621
M00148,C00110
M00148,C03862
M00152,C01074
M00152,C00426
M00153,C00634
M00153,C01074
M00154,C00191
M00154,C00925
M00155,C00124
M00155,C00573
M00156,C06398
M00156,C06026
M00156,C00338
M00158,C02273
M00158,C00333
M00158,C00714
M00158,C00470
M00159,C00024
M00159,C01209
M00159,C00083
M00159,C05744
M00159,C03939
M00160,C05764
M00160,C04633
M00160,C05761
M00160,C05760
M00160,C05749
M00160,C05748
M00160,C05747
M00160,C05746
M00160,C05745
M00160,C05744
M00160,C04618
M00160,C04619
M00160,C05763
M00160,C04688
M00160,C04246
M00160,C05750
M00160,C05751
M00160,C05752
M00160,C05753
M00160,C05754
M00160,C05755
M00160,C05756
M00160,C05757
M00160,C05758
M00160,C05759
M00160,C05223
M00160,C04620
M00160,C05762
M00161,C00157
M00161,C00219
M00162,C05956
M00162,C00427
M00162,C00219
M00163,C05958
M00163,C00696
M00163,C05957
M00163,C00427
M00164,C05953
M00164,C05954
M00164,C00584
M00164,C00427
M00164,C05955
M00165,C00584
M00165,C00427
M00165,C00639
M00166,C05962
M00166,C05961
M00166,C01312
M00166,C00427
M00167,C05356
M00167,C00909
M00167,C00219
M00168,C02165
M00168,C00909
M00169,C02166
M00169,C05952
M00169,C05951
M00169,C06462
M00169,C00909
M00170,C05963
M00170,C02198
M00170,C00427
M00170,C05964
M00171,C05681
M00171,C05673
M00171,C05672
M00171,C00074
M00171,C03557
M00171,C02798
M00172,C00024
M00172,C01944
M00172,C05273
M00172,C05272
M00172,C05259
M00172,C05258
M00172,C05271
M00172,C05270
M00172,C05276
M00172,C05275
M00172,C05274
M00172,C02593
M00172,C01832
M00172,C00154
M00172,C05268
M00172,C05269
M00172,C05264
M00172,C05265
M00172,C05266
M00172,C05267
M00172,C05260
M00172,C05261
M00172,C05262
M00172,C05263
M00172,C03221
M00173,C00249
M00173,C00154
M00174,C01944
M00174,C00024
M00174,C05259
M00174,C05272
M00174,C05273
M00174,C05258
M00174,C05271
M00174,C05270
M00174,C05276
M00174,C05275
M00174,C05274
M00174,C01144
M00174,C02593
M00174,C01832
M00174,C00136
M00174,C00332
M00174,C00154
M00174,C05268
M00174,C05269
M00174,C05264
M00174,C05265
M00174,C05266
M00174,C05267
M00174,C05260
M00174,C05261
M00174,C05262
M00174,C05263
M00174,C03221
M00174,C00877
M00175,C14812
M00175,C14822
M00175,C00219
M00176,C14776
M00176,C14823
M00176,C00219
M00177,C00024
M00177,C00356
M00177,C00332
M00177,C00164
M00177,C01089
M00177,C00207
M00178,C06426
M00178,C03242
M00178,C01595
M00178,C00219
M00179,C05966
M00179,C05965
M00179,C00219
M00180,C14749
M00180,C14748
M00180,C00219
M00181,C00681
M00181,C00416
M00181,C00093
M00181,C00641
M00181,C00422
M00182,C00681
M00182,C00416
M00182,C00093
M00183,C00114
M00183,C00588
M00183,C00307
M00183,C00157
M00184,C04308
M00184,C01241
M00184,C00157
M00184,C00350
M00185,C00350
M00185,C00570
M00185,C00346
M00185,C00189
M00186,C02737
M00186,C00350
M00187,C14769
M00187,C14768
M00187,C14774
M00187,C14775
M00187,C14770
M00187,C14771
M00187,C14772
M00187,C14773
M00187,C00219
M00188,C00269
M00188,C02737
M00189,C00836
M00189,C00065
M00189,C00154
M00189,C02934
M00189,C00195
M00189,C12126
M00190,C14814
M00190,C14813
M00190,C14781
M00190,C05966
M00190,C14782
M00191,C00418
M00191,C00356
M00191,C01143
M00191,C01107
M00191,C00129
M00191,C00235
M00192,C00022
M00192,C00129
M00192,C00118
M00192,C11453
M00192,C11811
M00192,C11434
M00192,C11435
M00192,C11436
M00192,C11437
M00192,C00235
M00193,C00129
M00193,C00235
M00193,C00341
M00194,C00341
M00194,C00448
M00194,C00129
M00195,C00129
M00195,C00353
M00195,C00448
M00196,C00751
M00196,C03428
M00196,C00448
M00197,C05414
M00197,C05413
M00197,C00353
M00197,C03427
M00197,C05431
M00197,C05430
M00197,C05432
M00198,C05435
M00198,C02094
M00198,C05432
M00199,C01595
M00199,C00157
M00200,C14825
M00200,C14826
M00200,C01595
M00201,C14827
M00201,C01595
M00201,C04717
M00202,C00116
M00202,C00422
M00202,C00641
M00202,C01885
M00203,C06037
M00203,C04046
M00203,C13508
M00203,C06041
M00203,C06040
M00203,C00641
M00203,C03692
M00204,C00416
M00204,C00269
M00205,C00416
M00205,C00157
M00206,C00416
M00206,C00350
M00207,C02737
M00207,C00350
M00208,C02737
M00208,C00157
M00209,C00269
M00209,C01194
M00210,C00269
M00210,C00344
M00210,C03892
M00211,C00344
M00211,C05980
M00212,C04317
M00212,C04598
M00212,C05212
M00213,C03820
M00213,C03968
M00213,C01264
M00213,C04598
M00214,C04317
M00214,C04598
M00215,C03968
M00215,C05977
M00215,C03201
M00215,C04756
M00215,C04475
M00216,C04756
M00216,C00958
M00216,C03454
M00217,C00836
M00217,C00154
M00217,C02934
M00217,C00195
M00217,C00319
M00217,C12126
M00218,C00319
M00218,C06124
M00218,C00346
M00219,C00195
M00219,C02686
M00220,C00195
M00220,C00550
M00221,C00341
M00221,C01433
M00221,C06071
M00221,C06070
M00221,C01852
M00221,C06069
M00222,C01724
M00222,C00751
M00222,C01054
M00223,C00751
M00223,C01902
M00223,C01054
M00224,C01802
M00224,C05107
M00224,C15816
M00224,C05103
M00224,C15808
M00224,C11455
M00224,C05108
M00224,C01189
M00224,C01164
M00224,C05439
M00224,C00187
M00224,C01724
M00224,C05437
M00224,C03845
M00225,C01694
M00225,C05440
M00225,C04525
M00225,C05441
M00225,C15777
M00225,C05437
M00225,C15778
M00226,C01673
M00226,C01561
M00226,C01164
M00226,C05443
M00227,C01301
M00227,C01794
M00227,C05467
M00227,C05453
M00227,C05446
M00227,C05450
M00227,C05457
M00227,C05460
M00227,C05455
M00227,C05454
M00227,C04722
M00227,C04760
M00227,C00695
M00227,C03594
M00227,C00187
M00227,C04483
M00227,C11637
M00228,C02528
M00228,C05444
M00228,C05452
M00228,C05451
M00228,C04644
M00228,C05455
M00228,C03990
M00228,C04554
M00228,C05445
M00228,C03594
M00228,C00187
M00228,C05337
M00229,C01921
M00229,C01794
M00229,C05122
M00229,C00695
M00230,C05501
M00230,C05500
M00230,C05502
M00230,C01953
M00230,C00410
M00230,C00187
M00231,C02140
M00231,C03205
M00231,C00410
M00231,C01124
M00232,C05488
M00232,C00735
M00232,C00762
M00232,C00410
M00232,C01176
M00233,C01227
M00233,C01953
M00233,C00468
M00233,C05138
M00233,C00951
M00233,C05297
M00233,C05290
M00233,C00280
M00234,C00951
M00234,C01227
M00234,C01953
M00234,C05138
M00234,C00535
M00234,C05295
M00234,C05294
M00234,C00280
M00235,C15142
M00235,C15883
M00235,C15882
M00235,C00353
M00235,C02477
M00235,C14151
M00235,C05427
M00235,C02483
M00236,C02094
M00236,C00376
M00236,C00473
M00237,C01628
M00237,C05849
M00237,C05850
M00238,C06427
M00238,C04785
M00238,C01226
M00238,C04780
M00238,C16328
M00238,C16338
M00238,C16339
M00238,C16336
M00238,C16327
M00238,C16335
M00238,C16332
M00238,C08491
M00238,C16330
M00238,C16331
M00238,C04672
M00238,C16317
M00238,C16334
M00239,C00636
M00239,C01825
M00239,C00072
M00239,C00275
M00239,C01115
M00239,C02280
M00239,C05345
M00239,C00668
M00239,C15926
M00239,C00096
M00240,C05840
M00240,C00003
M00240,C03722
M00240,C00049
M00240,C00857
M00240,C01185
M00241,C03160
M00241,C02730
M00241,C00828
M00241,C15547
M00241,C00251
M00241,C05817
M00241,C00885
M00241,C05818
M00241,C03657
M00242,C00399
M00242,C00251
M00242,C00156
M00242,C05813
M00242,C05812
M00242,C05811
M00242,C05810
M00242,C05815
M00242,C05814
M00242,C05809
M00243,C00025
M00243,C00051
M00243,C00669
M00244,C00141
M00244,C00522
M00244,C00183
M00244,C00099
M00244,C00864
M00244,C00049
M00244,C00966
M00245,C00010
M00245,C04352
M00245,C03492
M00245,C00864
M00245,C01134
M00245,C00882
M00246,C00025
M00246,C00430
M00246,C00032
M00246,C00748
M00246,C01024
M00246,C03741
M00246,C05778
M00246,C02191
M00246,C02463
M00246,C00931
M00246,C01079
M00246,C01051
M00246,C02987
M00246,C03263
M00247,C03114
M00247,C04778
M00247,C05775
M00247,C06510
M00247,C06504
M00247,C06505
M00247,C06506
M00247,C06507
M00247,C00194
M00247,C06508
M00247,C06509
M00248,C01909
M00248,C01063
M00248,C01037
M00248,C01092
M00248,C00120
M00249,C00627
M00249,C00279
M00249,C03393
M00249,C00018
M00249,C06054
M00249,C00118
M00249,C11638
M00249,C06055
M00249,C11437
M00250,C00016
M00250,C01304
M00250,C00061
M00250,C00255
M00250,C04454
M00250,C00044
M00250,C01268
M00250,C04332
M00251,C01300
M00251,C05923
M00251,C05922
M00251,C00101
M00251,C04807
M00251,C00921
M00251,C06148
M00251,C04895
M00251,C00044
M00251,C00415
M00251,C04874
M00252,C00068
M00252,C03373
M00252,C04294
M00252,C01081
M00252,C04752
M00252,C01279
M00252,C04556
M00252,C04327
M00253,C03160
M00253,C02730
M00253,C15547
M00253,C00251
M00253,C05817
M00253,C02059
M00253,C00885
M00253,C03657
M00253,C13309
M00254,C00399
M00254,C00251
M00254,C13425
M00254,C05313
M00254,C05200
M00254,C00156
M00254,C05804
M00254,C05805
M00254,C05802
M00254,C05803
M00255,C00103
M00255,C00072
M00255,C01040
M00255,C00029
M00255,C00167
M00255,C00800
M00255,C05385
M00255,C00191
M00255,C03289
M00256,C01277
M00256,C01245
M00256,C01272
M00256,C01194
M00256,C04637
M00257,C00137
M00257,C04006
M00257,C01272
M00257,C04063
M00257,C01243
M00258,C00137
M00258,C03546
M00258,C01245
M00258,C01220
M00259,C01204
M00259,C01243
M00259,C01284
M00259,C04477
M00260,C00134
M00260,C00019
M00260,C00062
M00260,C00315
M00260,C00179
M00260,C01137
M00261,C00134
M00261,C00077
M00262,C00134
M00262,C02946
M00262,C02714
M00262,C05936
M00262,C00334
M00263,C15699
M00263,C00134
M00263,C15767
M00263,C15700
M00263,C00334
M00264,C01477
M00264,C00509
M00264,C00223
M00264,C06561
M00265,C05904
M00265,C12137
M00265,C00509
M00265,C03648
M00265,C00974
M00266,C05903
M00266,C00974
M00267,C01617
M00267,C00389
M00267,C00974
M00268,C05189
M00268,C02105
M00268,C02106
M00268,C05316
M00268,C05193
M00268,C06163
M00268,C06160
M00268,C06161
M00268,C06167
M00268,C06165
M00268,C05174
M00268,C05175
M00268,C05176
M00268,C05247
M00268,C05194
M00268,C05178
M00268,C05179
M00268,C05190
M00268,C05191
M00268,C03758
M00268,C05220
M00268,C05202
M00268,C05322
M00268,C01516
M00268,C06171
M00268,C06173
M00268,C06172
M00268,C06174
M00269,C00415
M00269,C00101
M00270,C00445
M00270,C00440
M00270,C00143
M00270,C00101
M00270,C03479
M00270,C00664
M00270,C00234
