M00001,K00134
M00001,K00850
M00001,K01689
M00001,K01834
M00001,K01803
M00001,K00927
M00001,K01623
M00001,K01810
M00001,K00873
M00002,K00134
M00002,K01689
M00002,K01834
M00002,K01803
M00002,K00927
M00002,K00873
M00003,K00134
M00003,K01689
M00003,K01834
M00003,K01803
M00003,K01623
M00003,K01610
M00003,K00927
M00003,K03841
M00004,K01807
M00004,K00616
M00004,K01783
M00004,K00615
M00004,K00036
M00004,K01057
M00004,K00033
M00005,K01807
M00005,K00616
M00005,K00948
M00005,K01783
M00005,K00615
M00005,K00036
M00005,K01057
M00005,K00033
M00006,K00036
M00006,K01057
M00006,K00033
M00007,K00616
M00007,K00615
M00007,K01783
M00007,K01807
M00008,K00036
M00008,K01057
M00008,K01690
M00008,K01625
M00009,K01676
M00009,K00164
M00009,K01681
M00009,K01903
M00009,K00239
M00009,K00026
M00009,K01647
M00009,K00031
M00010,K00031
M00010,K01647
M00010,K01681
M00011,K01676
M00011,K00164
M00011,K01903
M00011,K00239
M00011,K00026
M00012,K01681
M00012,K01638
M00012,K01637
M00012,K00026
M00012,K01647
M00013,K00018
M00013,K00049
M00013,K00015
M00013,K00104
M00014,K00827
M00014,K00273
M00015,K00136
M00015,K05605
M00015,K01692
M00015,K00249
M00015,K01578
M00016,K00854
M00016,K03331
M00016,K00012
M00016,K05351
M00017,K00262
M00018,K01915
M00019,K00265
M00020,K00286
M00020,K00147
M00020,K00931
M00021,K00813
M00022,K01953
M00022,K01914
M00023,K00133
M00023,K01586
M00023,K00674
M00023,K01439
M00023,K01778
M00023,K00215
M00023,K01714
M00023,K00928
M00023,K00821
M00024,K00003
M00024,K00651
M00024,K01760
M00024,K00928
M00024,K00133
M00024,K00548
M00024,K01739
M00025,K00003
M00025,K00872
M00025,K01733
M00025,K00928
M00025,K00133
M00026,K00814
M00027,K01687
M00027,K00826
M00027,K01652
M00027,K00053
M00028,K01687
M00028,K00052
M00028,K00053
M00028,K01649
M00028,K00826
M00028,K01652
M00028,K01703
M00029,K01754
M00029,K01687
M00029,K00826
M00029,K01652
M00029,K00053
M00030,K01079
M00030,K00058
M00030,K00831
M00031,K00600
M00032,K10150
M00032,K00640
M00032,K01738
M00033,K05887
M00033,K03785
M00033,K05358
M00033,K01736
M00033,K01735
M00033,K01626
M00033,K00891
M00033,K00014
M00033,K00800
M00034,K01817
M00034,K01695
M00034,K00766
M00034,K01657
M00034,K01609
M00035,K01713
M00035,K01850
M00035,K00832
M00036,K01850
M00036,K00832
M00036,K00210
M00036,K00817
M00037,K02501
M00037,K00817
M00037,K01693
M00037,K01089
M00037,K01814
M00037,K01523
M00037,K00765
M00037,K00013
M00037,K01496
M00038,K05597
M00038,K01425
M00039,K01008
M00039,K01042
M00040,K00135
M00040,K00139
M00040,K01580
M00040,K00823
M00041,K00145
M00041,K00642
M00041,K01438
M00041,K00818
M00041,K00619
M00041,K01436
M00041,K00930
M00042,K01755
M00042,K00611
M00042,K01948
M00042,K01476
M00042,K01940
M00043,K01478
M00044,K01744
M00045,K00278
M00045,K03334
M00046,K05597
M00046,K01424
M00047,K00142
M00047,K03918
M00047,K00293
M00047,K00290
M00047,K00825
M00047,K05824
M00047,K01705
M00047,K01655
M00048,K05831
M00048,K00825
M00048,K05830
M00048,K05826
M00048,K05827
M00048,K05824
M00048,K01705
M00048,K05829
M00048,K01655
M00048,K05828
M00049,K00142
M00049,K00658
M00049,K00164
M00049,K00306
M00049,K01692
M00049,K00825
M00049,K00252
M00049,K00022
M00050,K00658
M00050,K00164
M00050,K00292
M00050,K00293
M00050,K00290
M00050,K00291
M00050,K00825
M00050,K00252
M00050,K01692
M00050,K00022
M00051,K00928
M00051,K00836
M00051,K00133
M00051,K06718
M00051,K06720
M00052,K00641
M00052,K01739
M00053,K01740
M00053,K00641
M00053,K01739
M00054,K00899
M00054,K08969
M00054,K00832
M00054,K08964
M00054,K08965
M00054,K01244
M00054,K08967
M00054,K01243
M00054,K08963
M00054,K00772
M00054,K01611
M00054,K00815
M00054,K00797
M00054,K00789
M00054,K08966
M00055,K00789
M00055,K01697
M00055,K01251
M00055,K00558
M00056,K00789
M00056,K00544
M00056,K01251
M00056,K00558
M00057,K01620
M00058,K05607
M00058,K00166
M00058,K00249
M00058,K00826
M00058,K00253
M00058,K01640
M00058,K01968
M00059,K08683
M00059,K00166
M00059,K01692
M00059,K00249
M00059,K00248
M00059,K00826
M00059,K00632
M00059,K00022
M00060,K00830
M00061,K00544
M00061,K00301
M00061,K00315
M00061,K00314
M00062,K00811
M00062,K00456
M00063,K00811
M00063,K01011
M00064,K01758
M00065,K01593
M00066,K00274
M00066,K00157
M00066,K00128
M00066,K01593
M00066,K00502
M00066,K00669
M00066,K00543
M00067,K00816
M00067,K00453
M00067,K01432
M00067,K00463
M00068,K00452
M00068,K00453
M00068,K01556
M00068,K00463
M00068,K03392
M00068,K01432
M00068,K00486
M00069,K00083
M00069,K00430
M00069,K00487
M00069,K01904
M00069,K09753
M00070,K00430
M00070,K00083
M00070,K01904
M00070,K09753
M00071,K00430
M00071,K00083
M00071,K01904
M00071,K09753
M00072,K00500
M00073,K00832
M00073,K00220
M00074,K01827
M00074,K00501
M00074,K00506
M00074,K00505
M00075,K01592
M00075,K01593
M00075,K00553
M00075,K00503
M00075,K00501
M00075,K00505
M00076,K00274
M00076,K00129
M00076,K00276
M00076,K00545
M00076,K00001
M00077,K00431
M00078,K00157
M00078,K01800
M00078,K01801
M00078,K00457
M00078,K03334
M00078,K00450
M00078,K00451
M00078,K01557
M00078,K01555
M00079,K01712
M00079,K01479
M00079,K01468
M00079,K01745
M00080,K01593
M00080,K01590
M00081,K01593
M00082,K01763
M00083,K01580
M00083,K01579
M00084,K01431
M00084,K01485
M00084,K00207
M00084,K01464
M00085,K05604
M00085,K01270
M00086,K01594
M00086,K01580
M00086,K00456
M00087,K01594
M00087,K01580
M00088,K03851
M00089,K00613
M00089,K00542
M00089,K00933
M00090,K01756
M00090,K01945
M00090,K01952
M00090,K00601
M00090,K00602
M00090,K00764
M00090,K01923
M00090,K01492
M00090,K01588
M00090,K01933
M00091,K00524
M00091,K01756
M00091,K00527
M00091,K01939
M00091,K00939
M00091,K00940
M00092,K00524
M00092,K00527
M00092,K00088
M00092,K01951
M00092,K00942
M00092,K00940
M00093,K01955
M00093,K00762
M00093,K01465
M00093,K01591
M00093,K00609
M00093,K00226
M00094,K00940
M00094,K01937
M00094,K00945
M00095,K00524
M00095,K00527
M00095,K00560
M00095,K01520
M00095,K00943
M00095,K00940
M00095,K01494
M00097,K00964
M00097,K01784
M00097,K00963
M00098,K00972
M00098,K03431
M00098,K00820
M00098,K04042
M00099,K01809
M00099,K00971
M00099,K01840
M00100,K01001
M00100,K07432
M00100,K03844
M00100,K03843
M00100,K03842
M00101,K01791
M00101,K02473
M00102,K08678
M00102,K00770
M00102,K00012
M00102,K01198
M00103,K00075
M00103,K00790
M00104,K01097
M00104,K01791
M00104,K05304
M00104,K00983
M00104,K00885
M00104,K01654
M00105,K00973
M00105,K00067
M00105,K01790
M00105,K00978
M00105,K01710
M00105,K01784
M00106,K00727
M00106,K00731
M00106,K09653
M00106,K00710
M00106,K09662
M00107,K00740
M00107,K00739
M00107,K00710
M00108,K00727
M00108,K00710
M00109,K03479
M00109,K00710
M00110,K00780
M00110,K00731
M00110,K03479
M00110,K00710
M00111,K00771
M00111,K00734
M00111,K00735
M00111,K00733
M00112,K03419
M00112,K00746
M00112,K00747
M00113,K02366
M00113,K01793
M00113,K02368
M00113,K02369
M00113,K02576
M00114,K02535
M00114,K02527
M00114,K02536
M00114,K02517
M00114,K02560
M00114,K00677
M00114,K00748
M00114,K00912
M00114,K03269
M00115,K01711
M00115,K05305
M00115,K02377
M00115,K00976
M00116,K00695
M00117,K01686
M00117,K00041
M00117,K01685
M00117,K01812
M00117,K00040
M00118,K00854
M00118,K00853
M00118,K03331
M00118,K01804
M00118,K01805
M00118,K01786
M00118,K01783
M00118,K05351
M00118,K00039
M00118,K00011
M00118,K00875
M00119,K00979
M00119,K03270
M00119,K01627
M00120,K03274
M00120,K03271
M00120,K03273
M00120,K03272
M00121,K05283
M00121,K03857
M00121,K03434
M00122,K08098
M00122,K07542
M00122,K05289
M00122,K05286
M00122,K05287
M00122,K05284
M00122,K05285
M00123,K05294
M00124,K00720
M00124,K07553
M00125,K01019
M00125,K04628
M00126,K01988
M00126,K00719
M00127,K00722
M00128,K03368
M00128,K03877
M00129,K00725
M00129,K03369
M00129,K00715
M00129,K03368
M00129,K03376
M00129,K03370
M00130,K00725
M00130,K00715
M00130,K03369
M00130,K03368
M00130,K03376
M00130,K03371
M00131,K00715
M00131,K00725
M00131,K03371
M00132,K00725
M00132,K03369
M00132,K00715
M00132,K03368
M00132,K03373
M00133,K07819
M00133,K03766
M00134,K00716
M00134,K00718
M00135,K00709
M00135,K00716
M00136,K00716
M00136,K00707
M00137,K00716
M00138,K00781
M00138,K00716
M00139,K03766
M00139,K07966
M00140,K00716
M00140,K00718
M00141,K00709
M00142,K00709
M00142,K00718
M00143,K00707
M00144,K00716
M00145,K03792
M00145,K00716
M00146,K07966
M00146,K00741
M00147,K00742
M00148,K03850
M00148,K03846
M00148,K03847
M00148,K00729
M00148,K03848
M00148,K03849
M00148,K03845
M00148,K00730
M00148,K01228
M00149,K01230
M00149,K05546
M00150,K05534
M00150,K05535
M00150,K05536
M00150,K05537
M00150,K05530
M00150,K05531
M00150,K05532
M00150,K05533
M00150,K05529
M00150,K05528
M00150,K05538
M00150,K05546
M00150,K01230
M00151,K00708
M00151,K00738
M00151,K00737
M00151,K00736
M00151,K00717
M00151,K00744
M00151,K00778
M00151,K01231
M00152,K01135
M00152,K01136
M00152,K01197
M00152,K01217
M00152,K01195
M00153,K01135
M00153,K01197
M00153,K01195
M00154,K01195
M00154,K07965
M00154,K07964
M00154,K01136
M00154,K01137
M00154,K01217
M00154,K01205
M00154,K01565
M00155,K01190
M00155,K01137
M00155,K01207
M00155,K01132
M00156,K03275
M00156,K02844
M00156,K02527
M00156,K03279
M00156,K03278
M00156,K02849
M00156,K02848
M00156,K03277
M00156,K03276
M00156,K02841
M00156,K02840
M00156,K02850
M00156,K03280
M00156,K02843
M00156,K02847
M00157,K03372
M00158,K01051
M00158,K01184
M00158,K01213
M00159,K01961
M00159,K00645
M00159,K00644
M00159,K00647
M00159,K00646
M00159,K00667
M00159,K00666
M00159,K00665
M00159,K01963
M00159,K01962
M00159,K02160
M00159,K00648
M00159,K09458
M00159,K00668
M00160,K00059
M00160,K00647
M00160,K00646
M00160,K00667
M00160,K00666
M00160,K00665
M00160,K01716
M00160,K01717
M00160,K00648
M00160,K09458
M00160,K00209
M00160,K00208
M00160,K00668
M00161,K01047
M00162,K00509
M00163,K01830
M00164,K05309
M00165,K04119
M00165,K00079
M00165,K05309
M00166,K01831
M00167,K00461
M00168,K01254
M00169,K00807
M00169,K00681
M00170,K01832
M00171,K00967
M00171,K01841
M00172,K07509
M00172,K07508
M00172,K07510
M00172,K07511
M00172,K07512
M00172,K00022
M00173,K01897
M00174,K07513
M00174,K09479
M00174,K09478
M00174,K07508
M00174,K07509
M00174,K01692
M00174,K00249
M00174,K00248
M00174,K00232
M00174,K00632
M00174,K07510
M00174,K07511
M00174,K00022
M00174,K06445
M00174,K00626
M00174,K07516
M00174,K00255
M00175,K08021
M00176,K08022
M00177,K01574
M00177,K00019
M00177,K01640
M00177,K01641
M00177,K00626
M00178,K00508
M00179,K00458
M00179,K00460
M00180,K07415
M00180,K07422
M00180,K00490
M00180,K07425
M00181,K01080
M00181,K00629
M00181,K00655
M00181,K00635
M00182,K00629
M00182,K00655
M00183,K00994
M00183,K00968
M00183,K00866
M00184,K00551
M00184,K00570
M00185,K00967
M00185,K00894
M00185,K00993
M00186,K01613
M00187,K08726
M00187,K07425
M00187,K07418
M00187,K07413
M00187,K07412
M00188,K00998
M00189,K04712
M00189,K00654
M00189,K04708
M00189,K04709
M00190,K07418
M00190,K07413
M00191,K00869
M00191,K01597
M00191,K00021
M00191,K01823
M00191,K00938
M00192,K01662
M00192,K00099
M00192,K00991
M00192,K01823
M00192,K03527
M00192,K03526
M00192,K01770
M00192,K00919
M00193,K00804
M00194,K00804
M00195,K00804
M00196,K00801
M00197,K09835
M00197,K02291
M00197,K02293
M00197,K00514
M00198,K06443
M00199,K01047
M00200,K07415
M00200,K07424
M00200,K07418
M00200,K07413
M00200,K07409
M00201,K00461
M00201,K00454
M00201,K00460
M00202,K01046
M00202,K01054
M00203,K01002
M00203,K09480
M00203,K03429
M00203,K06119
M00203,K03715
M00204,K00981
M00205,K01115
M00206,K01115
M00207,K08730
M00208,K08729
M00209,K00999
M00210,K00995
M00210,K01094
M00211,K06131
M00212,K01047
M00213,K00994
M00214,K01062
M00215,K01080
M00215,K00655
M00215,K00993
M00216,K01114
M00216,K00993
M00217,K01441
M00217,K00654
M00217,K04712
M00217,K04708
M00217,K04709
M00218,K04718
M00218,K01634
M00219,K01202
M00220,K01117
M00220,K04714
M00222,K00511
M00222,K01852
M00223,K00511
M00223,K01853
M00224,K05917
M00224,K07748
M00224,K01824
M00224,K09827
M00224,K00213
M00224,K00227
M00224,K07750
M00224,K00222
M00224,K09828
M00225,K09831
M00225,K00223
M00225,K00559
M00225,K09830
M00225,K09829
M00226,K07438
M00227,K07513
M00227,K07509
M00227,K07508
M00227,K00489
M00227,K00488
M00227,K00038
M00227,K00037
M00227,K00251
M00227,K08748
M00227,K00632
M00228,K07513
M00228,K00001
M00228,K07509
M00228,K07508
M00228,K00128
M00228,K00489
M00228,K00488
M00228,K00038
M00228,K00037
M00228,K00251
M00228,K08748
M00228,K00632
M00229,K01442
M00229,K00659
M00230,K01822
M00230,K00070
M00230,K00498
M00231,K00513
M00231,K00497
M00232,K00071
M00232,K00513
M00232,K00512
M00232,K00497
M00233,K00070
M00233,K07434
M00233,K05296
M00233,K01822
M00233,K00044
M00233,K00512
M00234,K07434
M00234,K00070
M00234,K00512
M00234,K01822
M00234,K05296
M00235,K09834
M00235,K09833
M00235,K05928
M00236,K00061
M00236,K00515
M00237,K10106
M00237,K00355
M00237,K05357
M00239,K01809
M00239,K00966
M00239,K00064
M00239,K01840
M00239,K05276
M00239,K01810
M00239,K00225
M00239,K10046
M00239,K10047
M00240,K00278
M00240,K00969
M00240,K01950
M00240,K00767
M00240,K03517
M00241,K01661
M00241,K02552
M00241,K02551
M00241,K01911
M00241,K03183
M00241,K02548
M00241,K02549
M00242,K03184
M00242,K03688
M00242,K03186
M00242,K03185
M00242,K03179
M00242,K03183
M00242,K03181
M00242,K00568
M00243,K01919
M00243,K01920
M00244,K01579
M00244,K01918
M00244,K00826
M00244,K00077
M00244,K00606
M00245,K00859
M00245,K01922
M00245,K01598
M00245,K00867
M00245,K02318
M00246,K02492
M00246,K02303
M00246,K01698
M00246,K01749
M00246,K00228
M00246,K00230
M00246,K02304
M00246,K02302
M00246,K01885
M00246,K01719
M00246,K01772
M00246,K01845
M00246,K01599
M00247,K00798
M00247,K02227
M00247,K02226
M00247,K02232
M00247,K02233
M00247,K02231
M00247,K04719
M00247,K00768
M00248,K01935
M00248,K00652
M00248,K00833
M00248,K01012
M00249,K00275
M00249,K01662
M00249,K00097
M00249,K03474
M00249,K03473
M00249,K03472
M00249,K00831
M00250,K01497
M00250,K00082
M00250,K01498
M00250,K00861
M00250,K00953
M00250,K00793
M00251,K01930
M00251,K01633
M00251,K00287
M00251,K01077
M00251,K00796
M00251,K00950
M00251,K01927
M00251,K01495
M00252,K03147
M00252,K00878
M00252,K00788
M00252,K00941
M00252,K00946
M00252,K00877
M00253,K08680
M00253,K01661
M00253,K02552
M00253,K02551
M00253,K01911
M00253,K03183
M00253,K01851
M00253,K02548
M00253,K02549
M00254,K06126
M00254,K06134
M00254,K06125
M00254,K00591
M00254,K03181
M00254,K06127
M00255,K01053
M00255,K00012
M00255,K00103
M00255,K00963
M00256,K01116
M00256,K05860
M00256,K05861
M00256,K05857
M00256,K00911
M00256,K00889
M00256,K00888
M00256,K05859
M00256,K05858
M00257,K01109
M00257,K01092
M00257,K01107
M00257,K01106
M00258,K01092
M00258,K01107
M00258,K01106
M00259,K00915
M00259,K00913
M00260,K01585
M00260,K00797
M00260,K01480
M00260,K01611
M00261,K01581
M00262,K00274
M00262,K00657
M00262,K00128
M00263,K09471
M00263,K09470
M00263,K09473
M00263,K09472
M00264,K01859
M00264,K00660
M00265,K00091
M00265,K00724
M00265,K00475
M00265,K05277
M00266,K05278
M00267,K05278
M00267,K05280
M00268,K00307
M00268,K00505
M00269,K00287
M00270,K00288
M00270,K00297
M00270,K00295
M00270,K00600
M00270,K01938
M00270,K01934
M00270,K01491
M00270,K01746
